Test,Statistic,df,p
One-way ANOVA,85.50521414575036,"3, 3492",2.1984094960202173e-53
Kruskal-Wallis,330.20067056583673,3,2.887179491172402e-71
