Test,df,H,p
Kruskal-Wallis H,3,330.20067056583673,2.887179491172402e-71
