Source,df,F,p
Rider class,3,85.50521414575036,2.1984094960202173e-53
Within,3492,,
